time,h_predicted,q_in
0.0,0.1,0.0032567
0.0040000938438438435,0.09956839062049544,0.003246222822822823
0.008000187687687687,0.09913126083237447,0.0032298813813813813
0.01200028153153153,0.09868451192791848,0.003207818918918919
0.016000375375375374,0.09822493016292734,0.0031806690690690696
0.02000046921921922,0.09775018675671951,0.0031490519519519517
0.02400056306306306,0.09725883789213192,0.0031142972972972973
0.028000656906906903,0.0967503247155201,0.00307803003003003
0.03200075075075075,0.09622497333675806,0.0030420231231231237
0.03600084459459459,0.09568399482923838,0.0030083783783783785
0.04000093843843844,0.09512948522987215,0.002979358258258258
0.044001032282282276,0.094564425539089,0.0029568924924924926
0.04800112612612612,0.0939926817208371,0.002942766666666667
0.05200121996996997,0.09341900470258319,0.0029383120120120123
0.056001313813813805,0.09284903037531245,0.0029443714714714716
0.06000140765765765,0.09228927959352867,0.002960944144144144
0.0640015015015015,0.09174715817525417,0.0029875465465465465
0.06800159534534533,0.09123095690202977,0.003022927927927928
0.07200168918918919,0.09074985151891486,0.003065156756756757
0.07600178303303302,0.09031390273448733,0.0031117534534534537
0.08000187687687688,0.08993370871769309,0.0031599306306306306
0.08400197072072071,0.08959405407657263,0.0032066486486486486
0.08800206456456455,0.08927856401452947,0.0032488483483483484
0.0920021584084084,0.08898324571753137,0.003283742342342342
0.09600225225225224,0.08870430336892685,0.003308773873873874
0.10000234609609608,0.08843813814944516,0.0033220648648648646
0.10400243993993993,0.0881813482371964,0.003322489189189189
0.10800253378378377,0.08793072880767135,0.0033095783783783786
0.11200262762762761,0.0876832720337416,0.0032837234234234236
0.11600272147147146,0.08743616708565952,0.0032461624624624623
0.1200028153153153,0.0871868001310582,0.003198900900900901
0.12400290915915915,0.08693275433495154,0.0031445624624624625
0.128003003003003,0.0866718098597342,0.003086318918918919
0.13200309684684683,0.0864019438651816,0.003027493693693694
0.13600319069069067,0.0861213305084499,0.0029714102102102106
0.14000328453453453,0.08582834094407608,0.002921223723723724
0.14400337837837837,0.08552154332397785,0.0028796972972972975
0.1480034722222222,0.0851997027974537,0.0028488000000000003
0.15200356606606605,0.08486178151118288,0.0028297153153153155
0.1560036599099099,0.08450693860922542,0.002822578378378378
0.16000375375375375,0.0841345302330221,0.0028268126126126127
0.1640038475975976,0.08374410952139448,0.0028402972972972973
0.16800394144144143,0.08333542661054488,0.002860607207207207
0.17200403528528527,0.0829084286340564,0.0028841465465465465
0.1760041291291291,0.08246325972289287,0.0029070384384384386
0.18000422297297294,0.08200026100539894,0.002925035135135135
0.1840043168168168,0.0815199706073,0.0029344054054054056
0.18800441066066065,0.0810231236517022,0.002931714714714715
0.1920045045045045,0.08051065225909246,0.002914374774774775
0.19600459834834832,0.07998368554733847,0.002880596696696697
0.20000469219219216,0.0794435496316887,0.0028300255255255258
0.20400478603603603,0.07889176762477239,0.002763337837837838
0.20800487987987987,0.0783300596365995,0.002682465765765766
0.2120049737237237,0.07774638991992,0.002590547747747748
0.21600506756756754,0.07707559976253377,0.0024913891891891896
0.22000516141141138,0.07632159517791665,0.002389524924924926
0.22400525525525522,0.07549822878885944,0.0022895648648648655
0.22800534909909909,0.07461845989534813,0.002196081981981982
0.23200544294294292,0.0736943544745639,0.0021132642642642647
0.23600553678678676,0.07273708518088311,0.0020443810810810816
0.2400056306306306,0.0717569313458773,0.001991582882882883
0.24400572447447444,0.07076327897831321,0.0019559375375375375
0.2480058183183183,0.06976462076415273,0.0019373051051051052
0.2520059121621621,0.068768556066553,0.0019342027027027028
0.256006006006006,0.06778179092586625,0.001944163063063063
0.26000609984984985,0.06681013805964002,0.00196395975975976
0.26400619369369366,0.06585851686261694,0.001989752252252252
0.2680062875375375,0.06493095340673485,0.0020176642642642643
0.27200638138138133,0.06403058044112682,0.002043987387387387
0.2760064752252252,0.063159637392121,0.0020654954954954954
0.28000656906906907,0.06231947036324084,0.0020797030030030032
0.2840066629129129,0.06151053213520494,0.0020850642642642643
0.28800675675675674,0.06073238216592703,0.002081056756756757
0.29200685060060055,0.0599836865905161,0.0020683705705705708
0.2960069444444444,0.059262218221276294,0.002048466666666667
0.3000070382882883,0.05856485654770694,0.0020235144144144144
0.3040071321321321,0.05788758773650257,0.00199612012012012
0.30800722597597596,0.05722550463155285,0.001969303903903904
0.3120073198198198,0.05657280675394272,0.0019458252252252256
0.31600741366366364,0.05592280030195221,0.001928094894894895
0.3200075075075075,0.05526789815105661,0.0019179183183183183
0.3240076013513513,0.05459961985392635,0.0019162540540540538
0.3280076951951952,0.053912721950075945,0.0019233777777777777
0.332007789039039,0.053263024139270386,0.0019387087087087086
0.33600788288288286,0.05266386706979808,0.0019607666666666664
0.34000797672672667,0.05210654440512615,0.001987385585585585
0.34400807057057053,0.051583113913673775,0.00201624984984985
0.3480081644144144,0.05108639746881218,0.0020447063063063066
0.3520082582582582,0.050609981048864654,0.002070396396396396
0.3560083521021021,0.05014821473710652,0.002091072072072072
0.3600084459459459,0.049696212721765186,0.0021052810810810807
0.36400853978978975,0.04924985329602008,0.002111993093093093
0.3680086336336336,0.04880577885800271,0.0021109915915915917
0.37200872747747743,0.048361395910796634,0.0021026783783783787
0.3760088213213213,0.04791487506243745,0.002088203003003003
0.3800089151651651,0.04746515102591282,0.002069156756756757
0.384009009009009,0.04701192261916245,0.0020476531531531533
0.38800910285285284,0.046555652765078115,0.002025762162162162
0.39200919669669665,0.04609756849150365,0.0020057342342342343
0.3960092905405405,0.04563966093123491,0.0019898081081081084
0.4000093843843843,0.045184685322019844,0.0019798063063063065
0.4040094782282282,0.04473616100655842,0.001977338138138138
0.40800957207207206,0.04429837143250268,0.001983554954954955
0.41200966591591587,0.04387636415245673,0.001999279279279279
0.41600975975975973,0.0434759508239767,0.0020250546546546544
0.42000985360360354,0.043103707209570796,0.0020611009009009005
0.4240099474474474,0.042766973176699266,0.002107363363363363
0.4280100412912913,0.04247385269777443,0.0021636777777777776
0.4320101351351351,0.04223321385016063,0.0022298891891891883
0.43601022897897895,0.0420546888161743,0.0023057048048048044
0.44001032282282276,0.0419486738830839,0.002390824324324323
0.44401041666666663,0.04192632225951088,0.0024850333333333325
0.44801051051051044,0.04199512787043841,0.002587841141141139
0.4520106043543543,0.042155718470994245,0.002698890390390389
0.45601069819819817,0.042408717099561864,0.002817597297297297
0.460010792042042,0.042754612577145495,0.0029432876876876856
0.46401088588588585,0.04319375950737016,0.0030750822822822807
0.46801097972972966,0.0437263782764816,0.0032118540540540513
0.4720110735735735,0.04435255505334635,0.003352590690690689
0.4760111674174174,0.0450722417894517,0.0034960696696696688
0.4800112612612612,0.04588525621890567,0.003641092792792791
0.48401135510510507,0.046791281858437096,0.003786662162162161
0.4880114489489489,0.04778986800739551,0.003931999099099097
0.49201154279279274,0.04888042974775127,0.0040765441441441425
0.4960116366366366,0.05006224794409543,0.0042203486486486474
0.5000117304804804,0.05133446924363984,0.004363520120120118
0.5040118243243242,0.052696106076217115,0.0045068027027027
0.5080119181681682,0.05414603665428066,0.004650964564564564
0.512012012012012,0.05568300497290452,0.004796863363363361
0.5160121058558558,0.057305620809783624,0.004945327027027023
0.5200121996996997,0.059012359725233665,0.005096842342342342
0.5240122935435435,0.060801563062190964,0.005251398798798798
0.5280123873873873,0.06267143794621272,0.005408177477477474
0.5320124812312311,0.06462005728547687,0.0055658039039039
0.536012575075075,0.06664535977078218,0.0057218951951951945
0.5400126689189189,0.06874514987554795,0.005873386486486484
0.5440127627627627,0.07091709785581446,0.006016499099099096
0.5480128566066066,0.07315873975024274,0.006146964564564565
0.5520129504504504,0.07546747738011442,0.006260343243243242
0.5560130442942942,0.07784056604299183,0.0063524147147147126
0.5600131381381381,0.08023305448399397,0.006419432132132132
0.5640132319819819,0.08259594271813012,0.006458518918918918
0.5680133258258258,0.08491676915950445,0.006467744144144144
0.5720134196696696,0.08718379719028739,0.006446558258258259
0.5760135135135135,0.08938601516071569,0.006395727027027028
0.5800136073573573,0.09151313638909224,0.006317331531531532
0.5840137012012011,0.09355559916178643,0.006214615915915918
0.588013795045045,0.09550456673323396,0.006091810810810811
0.5920138888888888,0.09735192732593662,0.005953744444444446
0.5960139827327327,0.0990902941304627,0.005805348348348352
0.6000140765765766,0.1007130053054468,0.005651312612612613
0.6040141704204204,0.10221412397758967,0.00549588888888889
0.6080142642642642,0.10358843824165846,0.005342369069069072
0.612014358108108,0.10483146116048668,0.005192864864864869
0.6160144519519519,0.10593943076497407,0.005048461861861863
0.6200145457957957,0.10690931005408666,0.004908897297297299
0.6240146396396395,0.1077387869948568,0.0047728972972973
0.6280147334834835,0.10842627452238322,0.004638652252252253
0.6320148273273273,0.10897091053983084,0.004503675375375377
0.6360149211711711,0.10937255791843094,0.004365450450450454
0.640015015015015,0.10963180449748111,0.0042218492492492495
0.6440151088588588,0.10974996308434526,0.004071181981981984
0.6480152027027026,0.10972907145445353,0.003912732432432436
0.6520152965465464,0.10957189235130244,0.0037465141141141186
0.6560153903903904,0.10928191348645477,0.0035737621621621633
0.6600154842342342,0.10886334753953963,0.0033962558558558588
0.664015578078078,0.10832113215825245,0.003216608108108113
0.6680156719219219,0.10766021292448465,0.0030379507507507517
0.6720157657657657,0.10683274848912211,0.002863486486486489
0.6760158596096095,0.10582690017090528,0.002695984684684688
0.6800159534534533,0.1046698782414749,0.002538066666666671
0.6840160472972973,0.10338754494925634,0.002391608108108109
0.6880161411411411,0.10200441451945959,0.002257910210210212
0.6920162349849849,0.10054365315407914,0.0021375849849849878
0.6960163288288288,0.09902707903189409,0.002030971171171172
0.7000164226726726,0.0974751623084682,0.0019379615615615626
0.7040165165165164,0.09590702511614972,0.0018584717717717734
0.7080166103603603,0.0943404415640715,0.0017925774774774778
0.7120167042042042,0.09279183773815104,0.0017407384384384391
0.716016798048048,0.09127629170109036,0.0017038723723723731
0.7200168918918918,0.0898075334923761,0.0016832135135135139
0.7240169857357357,0.08839794512827938,0.0016805093093093092
0.7280170795795795,0.0870585606018561,0.0016976477477477472
0.7320171734234233,0.08579906588294661,0.0017362369369369355
0.7360172672672672,0.08462779891817582,0.0017975486486486482
0.740017361111111,0.08355174963095334,0.001881933333333332
0.7440174549549549,0.08257655992147328,0.001988754954954952
0.7480175487987988,0.08170652366671433,0.002116095495495495
0.7520176426426426,0.0809445867204398,0.0022605993993993975
0.7560177364864864,0.08029234691319762,0.0024178135135135104
0.7600178303303302,0.07975005405232019,0.0025822981981981933
0.7640179241741741,0.0793166099219246,0.002747980480480479
0.768018018018018,0.0789895682829125,0.0029087036036036006
0.7720181118618618,0.07876513487297009,0.0030588024024023985
0.7760182057057057,0.07863816740656816,0.003193577177177176
0.7800182995495495,0.07860217557496216,0.0033098351351351337
0.7840183933933933,0.07864932104619199,0.0034060663663663645
0.7880184872372371,0.07877041746508226,0.003482698198198196
0.792018581081081,0.07895493045324209,0.00354224054054054
0.7960186749249248,0.07919097760906525,0.0035885831831831824
0.8000187687687687,0.07946532850773,0.0036267924924924914
0.8040188626126126,0.0797634047011993,0.003662643243243243
0.8080189564564564,0.08006927971822056,0.0037015201201201194
0.8120190503003002,0.08036567906432587,0.0037481501501501484
0.8160191441441441,0.08070463301493504,0.0038057918918918917
0.8200192379879879,0.08117506239250061,0.003875597297297296
0.8240193318318317,0.08174762009423948,0.00395662102102102
0.8280194256756755,0.08239368410310705,0.00404593243243243
0.8320195195195195,0.08308709118633807,0.004138229129129128
0.8360196133633633,0.08380413689544676,0.004226808108108107
0.8400197072072071,0.08452357556622678,0.004304380180180179
0.844019801051051,0.08522662031875121,0.004363727927927928
0.8480198948948948,0.08589694305737251,0.004398647147147147
0.8520199887387386,0.08652067447072265,0.0044044990990991
0.8560200825825826,0.087086404031713,0.004379300600600601
0.8600201764264264,0.08758517999753429,0.004323332732732734
0.8640202702702702,0.08801050940965677,0.004239975675675679
0.868020364114114,0.08835835809383007,0.004134844444444449
0.8720204579579579,0.08862715066008328,0.004015751951951954
0.8760205518018017,0.08881777050272487,0.003891700900900904
0.8800206456456455,0.08893355980034277,0.0037719897897897934
0.8840207394894894,0.08898031951580436,0.0036654363363363375
0.8880208333333333,0.08896630939625638,0.0035792333333333347
0.8920209271771771,0.08890224797312507,0.003518348048048049
0.8960210210210209,0.08880131256211606,0.0034849597597597605
0.9000211148648648,0.0886791392632144,0.003478162162162162
0.9040212087087086,0.0885538229606846,0.0034941798798798795
0.9080213025525524,0.08844591732307057,0.0035266672672672663
0.9120213963963963,0.08837843480319567,0.003567558558558558
0.9160214902402402,0.08837599000516679,0.003607754954954954
0.920021584084084,0.08839718423186455,0.0036381921921921916
0.9240216779279279,0.08840066703546806,0.003650793693693694
0.9280217717717717,0.08837895344841884,0.0036393666666666674
0.9320218656156155,0.0883255995405157,0.0036003189189189205
0.9360219594594593,0.08823520241891479,0.003532908108108111
0.9400220533033032,0.08810340022812951,0.003439435435435437
0.944022147147147,0.08792687215003057,0.003324845045045048
0.9480222409909909,0.08770333840384599,0.0031963828828828872
0.9520223348348348,0.08743156024616106,0.0030626636636636654
0.9560224286786786,0.08711133997091838,0.0029328822822822847
0.9600225225225224,0.08674352090941786,0.0028157531531531567
0.9640226163663663,0.08632998743031668,0.0027187189189189203
0.9680227102102101,0.08587366493962935,0.0026473903903903922
0.972022804054054,0.08537851988072763,0.0026048189189189198
0.9760228978978978,0.08484955973434061,0.0025914879879879887
0.9800229917417417,0.08429283301855466,0.00260536006006006
0.9840230855855855,0.08371542928881345,0.0026421495495495485
0.9880231794294293,0.08312547913791798,0.002696032432432431
0.9920232732732732,0.08253215419602648,0.002760238738738738
0.996023367117117,0.08194566713065454,0.002828005405405404
1.0000234609609608,0.081377271646675,0.0028930351351351335
1.0040235548048047,0.08083926248631804,0.002949848348348347
1.0080236486486485,0.08034497542917106,0.002995156756756755
1.0120237424924925,0.07990878729217882,0.0030274459459459463
1.0160238363363363,0.07954611592964339,0.003046567867867868
1.0200239301801801,0.07926737569884271,0.003054136936936937
1.024024024024024,0.07902452352863171,0.0030526639639639644
1.0280241178678677,0.07879693880594986,0.003045023423423424
1.0320242117117115,0.07857718047478436,0.003034380180180181
1.0360243055555554,0.0783585743728807,0.0030230666666666672
1.0400243993993994,0.07813521323174266,0.0030127084084084084
1.0440244932432432,0.0779019566766324,0.003003972972972973
1.048024587087087,0.0776544312265703,0.0029963810810810813
1.0520246809309308,0.0773890302943351,0.0029886261261261263
1.0560247747747746,0.07710291418646384,0.002978894594594595
1.0600248686186184,0.07679401010325188,0.0029650816816816825
1.0640249624624623,0.07646101213875284,0.002945521021021022
1.0680250563063063,0.0761033812807787,0.0029191504504504505
1.07202515015015,0.07572134541089978,0.002885916216216217
1.076025243993994,0.07531589930444461,0.0028468315315315325
1.0800253378378377,0.07488880463050011,0.0028039810810810825
1.0840254316816815,0.07444258995191148,0.0027605606606606625
1.0880255255255253,0.07398055072528223,0.0027202153153153175
1.0920256193693694,0.07350674930097413,0.002686757657657658
1.0960257132132132,0.0730260149231074,0.0026636300300300303
1.100025807057057,0.07254394372956043,0.0026534702702702704
1.1040259009009008,0.07206689875196998,0.002657754054054054
1.1080259947447446,0.07160200991573108,0.0026763570570570564
1.1120260885885884,0.07115717403999712,0.002707782282282281
1.1160261824324322,0.07074105483767977,0.002749045945945944
1.1200262762762763,0.070363082915449,0.002796028828828829
1.12402637012012,0.07003345577373314,0.0028439600600600593
1.1280264639639639,0.06976313780671876,0.002887985585585585
1.1320265578078077,0.06954316492373895,0.0029236804804804793
1.1360266516516515,0.06931750338943544,0.002947661561561561
1.1400267454954953,0.06908336881902585,0.0029579207207207207
1.1440268393393391,0.06884214003489293,0.002954136036036036
1.1480269331831832,0.06859516275672216,0.002937470870870871
1.152027027027027,0.0683437496015018,0.0029108810810810817
1.1560271208708708,0.0680891800835228,0.002878525825825827
1.1600272147147146,0.06783270061437888,0.002845176876876878
1.1640273085585584,0.06757552450296646,0.002815559459459461
1.1680274024024022,0.06731883195548474,0.002794455855855856
1.172027496246246,0.06706377007543565,0.0027851366366366368
1.17602759009009,0.06681145286362385,0.0027895594594594597
1.1800276839339339,0.06656296121815673,0.0028078168168168163
1.1840277777777777,0.06631934293444446,0.002838477777777777
1.1880278716216215,0.0660816127051999,0.0028786864864864853
1.1920279654654653,0.06585075212043867,0.0029242894894894876
1.196028059309309,0.06562770966747912,0.002970695195195193
1.2000281531531531,0.06541340073094236,0.0030134423423423423
1.204028246996997,0.06520870759275223,0.0030484507507507505
1.2080283408408408,0.0650144794321353,0.0030727798798798798
1.2120284346846846,0.06483153232562087,0.0030850216216216212
1.2160285285285284,0.06466064924704101,0.003085185885885886
1.2200286223723722,0.06450258006753051,0.0030750264264264274
1.224028716216216,0.0643580415555269,0.003057467567567569
1.22802881006006,0.06422771737677042,0.0030363795795795797
1.2320289039039038,0.06411225809430414,0.0030160108108108112
1.2360289977477477,0.06401228116847375,0.0030003729729729733
1.2400290915915915,0.06392837095692776,0.0029927261261261263
1.2440291854354353,0.0638610787146174,0.00299503033033033
1.248029279279279,0.06381092259379663,0.0030077711711711703
1.252029373123123,0.06377838764402215,0.0030297957957957943
1.256029466966967,0.06376392581215339,0.003058197597597597
1.2600295608108107,0.06376795594235256,0.0030888837837837833
1.2640296546546546,0.06379086377608455,0.0031169855855855853
1.2680297484984984,0.06383300195211704,0.0031372498498498497
1.2720298423423422,0.06389469000652041,0.0031447432432432434
1.276029936186186,0.06397131966510354,0.0031354123123123133
1.28003003003003,0.0640002179524638,0.0031066435435435436
1.2840301238738738,0.06396463722717417,0.0030575387387387393
1.2880302177177176,0.06386756878630331,0.002988732732732734
1.2920303115615615,0.063711851188723,0.0029028171171171196
1.2960304054054053,0.06350017025510814,0.002803713513513517
1.300030499249249,0.06323505906793679,0.002696330030030035
1.3040305930930929,0.06291889797149018,0.002585978978978985
1.308030686936937,0.06255391457185261,0.002477935135135136
1.3120307807807807,0.06214218373691162,0.0023767477477477494
1.3160308746246245,0.06168562759635781,0.00228581801801802
1.3200309684684683,0.06118601554168497,0.0022070630630630656
1.3240310623123122,0.06064496422619,0.0021409606606606637
1.328031156156156,0.06006393756497296,0.0020863684684684714
1.3320312499999998,0.05944424673493705,0.0020409000000000026
1.3360313438438438,0.05878705017478857,0.002001323123123124
1.3400314376876876,0.058093353585037075,0.0019638741741741747
1.3440315315315314,0.057364009927995153,0.0019246657657657669
1.3480316253753752,0.05659971942777857,0.0018809489489489506
1.352031719219219,0.055801029570306235,0.0018305093093093116
1.3560318130630629,0.054968335103300195,0.001772447747747751
1.3600319069069067,0.05410187803628565,0.0017071468468468508
1.3640320007507507,0.05320174764059087,0.0016361045045045054
1.3680320945945945,0.052267880449347444,0.0015619162162162179
1.3720321884384383,0.051300060257489934,0.001487763063063065
1.3760322822822821,0.05029687372867217,0.001417075675675678
1.380032376126126,0.049260203475565034,0.0013531981981982008
1.3840324699699698,0.04820061058003554,0.001299083483483486
1.3880325638138138,0.047128674878046235,0.001257001801801802
1.3920326576576576,0.046054578515849785,0.0012283450450450454
1.3960327515015014,0.04498810594998857,0.0012136552552552554
1.4000328453453452,0.04393864394729497,0.0012126363363363362
1.404032939189189,0.042915181584891285,0.0012245567567567561
1.4080330330330328,0.04192631025018971,0.0012482372372372358
1.4120331268768767,0.04098022364089238,0.0012824984984984964
1.4160332207207207,0.040084717764991305,0.0013263126126126122
1.4200333145645645,0.03924719094076854,0.0013789804804804795
1.4240334084084083,0.038474643796795924,0.0014402423423423407
1.4280335022522521,0.03777367927193527,0.0015104441441441416
1.432033596096096,0.0371505026153383,0.0015901690690690656
1.4360336899399397,0.03661092138644666,0.0016800780780780733
1.4400337837837835,0.0361603454549919,0.0017808567567567505
1.4440338776276276,0.0358037870009955,0.0018928120120120105
1.4480339714714714,0.03554586051476889,0.0020156330330330305
1.4520340653153152,0.03539078279691338,0.0021482072072072033
1.456034159159159,0.0353423729583202,0.0022886939939939887
1.4600342530030028,0.03540405242017051,0.0024345183183183115
1.4640343468468466,0.035578844913935384,0.0025823378378378296
1.4680344406906904,0.03586937648137583,0.002728696396396387
1.4720345345345345,0.03627783479890389,0.002869827027027025
1.4760346283783783,0.03677576779714354,0.0030026486486486458
1.480034722222222,0.0373377107131791,0.0031245333333333298
1.484034816066066,0.037963476497898274,0.003233912312312308
1.4880349099099097,0.038652380079690456,0.003330235135135131
1.4920350037537535,0.03940323836444676,0.0034144183183183138
1.4960350975975976,0.04021437023556009,0.003488223423423423
1.5000351914414414,0.04108359655392491,0.003554344144144143
1.5040352852852852,0.04200824015793757,0.0036161588588588573
1.508035379129129,0.04298512586349606,0.0036769804804804786
1.5120354729729728,0.04401058046400012,0.0037397540540540517
1.5160355668168166,0.045080432730351186,0.003806615315315312
1.5200356606606604,0.04619001341095244,0.00387849429429429
1.5240357545045045,0.047334155231708835,0.003955099999999999
1.5280358483483483,0.048507192896026854,0.004034772972972971
1.532035942192192,0.0497029630848149,0.0041143906906906886
1.536036036036036,0.05091480445648303,0.0041901279279279256
1.5400361298798797,0.05213555764694301,0.0042574570570570545
1.5440362237237235,0.05335756526960836,0.004311795495495494
1.5480363175675673,0.05457267191539426,0.004348848648648648
1.5520364114114114,0.05577222415271774,0.00436524984984985
1.5560365052552552,0.056947070527497326,0.004358982282282283
1.560036599099099,0.05808756156315348,0.004329417117117118
1.5640366929429428,0.059183549760608266,0.004277516216216219
1.5680367867867866,0.060224351270578624,0.004205864864864869
1.5720368806306304,0.061176724572816754,0.004118190090090096
1.5760369744744742,0.06202301458355574,0.0040191948948949015
1.5800370683183182,0.06276959718806367,0.003913899399399402
1.584037162162162,0.06342223302319472,0.003807300000000003
1.5880372560060059,0.06398606747738927,0.003703737537537541
1.5920373498498497,0.06446563069067389,0.0036063924924924964
1.5960374436936935,0.06486483755466127,0.0035171450450450495
1.6000375375375373,0.06518698771255027,0.003436291591591596
1.6040376313813813,0.0654347655591259,0.0033627258258258266
1.6080377252252251,0.06561024024075933,0.003293894594594596
1.612037819069069,0.06571486565540789,0.0032263090090090107
1.6160379129129128,0.06574948045261508,0.003155830030030033
1.6200380067567566,0.06571430803351054,0.003078354054054058
1.6240381006006004,0.06560895655081009,0.002990215915915921
1.6280381944444442,0.0654324189088157,0.0028888111111111175
1.6320382882882882,0.06518307276341545,0.0027726099099099114
1.636038382132132,0.06485868052208368,0.0026418948948948983
1.6400384759759759,0.06445638934388082,0.0024984363363363413
1.6440385698198197,0.06397273113945345,0.002345581981981988
1.6480386636636635,0.06340362257103434,0.002187964564564572
1.6520387575075073,0.06274436505244241,0.0020311459459459546
1.656038851351351,0.06198964474908272,0.0018811864864864962
1.6600389451951951,0.06113353257794649,0.0017440030030030054
1.664039039039039,0.060169484207611174,0.0016248954954954987
1.6680391328828827,0.059101053090690754,0.0015286369369369394
1.6720392267267266,0.05801249957243468,0.001457924924924927
1.6760393205705704,0.056928313817961713,0.001413911711711713
1.6800394144144142,0.05585436331470911,0.001396069369369369
1.684039508258258,0.05479627698031652,0.0014026072072072053
1.688039602102102,0.05375944516262595,0.0014301189189189181
1.6920396959459458,0.05274901963968198,0.0014744918918918903
1.6960397897897896,0.05176991361973141,0.001530813213213211
1.7000398836336335,0.05082680174122351,0.0015943006006005976
1.7040399774774773,0.04992412007280995,0.0016604846846846812
1.708040071321321,0.0490660661133448,0.0017255795795795758
1.712040165165165,0.048256598791884486,0.0017868207207207198
1.716040259009009,0.04749943846768798,0.0018428603603603592
1.7200403528528527,0.04679806693021651,0.0018933282282282268
1.7240404466966965,0.046155727399133754,0.0019394018018018002
1.7280405405405403,0.04557542452430581,0.0019829540540540523
1.7320406343843842,0.04505992438580114,0.002026665465465463
1.736040728228228,0.04461175449389067,0.0020736243243243213
1.740040822072072,0.04423320378904763,0.002126680180180179
1.7440409159159158,0.043926322641947776,0.0021883831831831816
1.7480410097597596,0.04369292285346918,0.0022603864864864836
1.7520411036036034,0.04353457765469235,0.002343184684684681
1.7560411974474472,0.04345262170690017,0.0024362312312312265
1.760041291291291,0.043448151101577945,0.002537655255255249
1.7640413851351349,0.04352202336041339,0.002644408108108101
1.768041478978979,0.04369256119326858,0.0027524405405405386
1.7720415728228227,0.04396977237747175,0.0028571213213213183
1.7760416666666665,0.044329132365108055,0.0029535999999999968
1.7800417605105103,0.044747822113504,0.00303708318318318
1.7840418543543541,0.04520497977086138,0.003103496996996994
1.788041948198198,0.045681700676257264,0.0031496063063063038
1.7920420420420418,0.04616103735964399,0.0031735534534534523
1.7960421358858858,0.046627999541849194,0.0031748102102102105
1.8000422297297296,0.04706955413457572,0.003154378378378379
1.8040423235735734,0.04747462524040175,0.0031145699699699717
1.8080424174174172,0.04783409415278072,0.0030589027027027055
1.812042511261261,0.04814079935604134,0.0029916585585585626
1.8160426051051048,0.048389536525387605,0.00291750510510511
1.8200426989489489,0.04857705852689877,0.0028411594594594607
1.8240427927927927,0.048702075417529356,0.002766574774774777
1.8280428866366365,0.04876525444510917,0.0026970231231231256
1.8320429804804803,0.04876922004834332,0.0026345387387387413
1.8360430743243241,0.04871855385681213,0.002579721621621624
1.840043168168168,0.048619794690971246,0.002531520120120123
1.8440432620120117,0.04848143856215158,0.002487921921921925
1.8480433558558558,0.04831393867255929,0.0024457783783783794
1.8520434496996996,0.04812970541527585,0.0024015270270270287
1.8560435435435434,0.04792120272580238,0.002351503903903906
1.8600436373873872,0.04766127002721187,0.0022926855855855887
1.864043731231231,0.04734701682189051,0.002222752852852857
1.8680438250750748,0.04697681737920707,0.002140789489489495
1.8720439189189186,0.04655010714513746,0.0020473162162162233
1.8760440127627627,0.046067382742264705,0.0019446102102102126
1.8800441066066065,0.0455302019697791,0.0018362861861861896
1.8840442004504503,0.04494118380347799,0.0017270549549549593
1.888044294294294,0.04430400839576592,0.0016225537537537585
1.892044388138138,0.04362341707565457,0.0015286408408408457
1.8960444819819817,0.04290521234876281,0.0014506198198198242
1.9000445758258258,0.04215625789731658,0.0013929858858858868
1.9040446696696696,0.04138447858014914,0.001358791291291292
1.9080447635135134,0.040598860432700765,0.0013492459459459457
1.9120448573573572,0.03980945066701892,0.0013637738738738728
1.916044951201201,0.03902735767175825,0.0013996840840840817
1.9200450450450448,0.03826475101218053,0.0014528009009008973
1.9240451388888886,0.037534861430154706,0.0015175777777777732
1.9280452327327327,0.036851980844156834,0.0015877966966966954
1.9320453265765765,0.03623146234927025,0.001657118918918917
1.9360454204204203,0.03568972021718533,0.0017198024024024003
1.940045514264264,0.03524422989619964,0.0017713108108108088
1.944045608108108,0.03485535923623879,0.0018085837837837821
1.9480457019519517,0.03445515828480459,0.0018305549549549537
1.9520457957957955,0.03405243255566608,0.001837988288288288
1.9560458896396395,0.033655708691261534,0.0018334414414414415
1.9600459834834834,0.03327269036647012,0.0018211039039039045
1.9640460773273272,0.03291025828861174,0.0018059834834834843
1.968046171171171,0.03257447019744719,0.0017934720720720727
1.9720462650150148,0.03227056086517803,0.0017886153153153157
1.9760463588588586,0.032002942096446683,0.0017957372372372365
1.9800464527027024,0.03177520272833638,0.001817502702702701
1.9840465465465464,0.031590108630371164,0.0018551711711711702
1.9880466403903903,0.03144960270451593,0.0019082168168168148
1.992046734234234,0.031354804885176384,0.0019741540540540513
1.9960468280780779,0.03130601213919903,0.002049215915915912
2.0000469219219217,0.03130269846587123,0.002128927327327323
2.0040470157657655,0.03134351489692114,0.002207798198198193
2.0080471096096093,0.03142628949651776,0.002281089789789785
2.012047203453453,0.0315480273612709,0.002344713513513509
2.016047297297297,0.0317049106202312,0.0023958297297297262
2.0200473911411407,0.03189229843489012,0.002433216516516514
2.024047484984985,0.032104726999179975,0.0024571081081081084
2.028047578828829,0.0323359095394738,0.0024692747747747748
2.0320476726726726,0.03257873631458557,0.0024724528528528526
2.0360477665165164,0.03282527461577002,0.0024701414414414415
2.0400478603603602,0.03306676876672272,0.0024660171171171173
2.044047954204204,0.033294685282169736,0.0024632894894894898
2.048048048048048,0.03355122574669971,0.0024642612612612615
2.0520481418918917,0.03384911900635936,0.0024700540540540535
2.0560482357357355,0.034170703146612025,0.0024802150150150144
2.0600483295795793,0.03449995825117853,0.0024929780780780773
2.064048423423423,0.03482250640203719,0.0025053225225225217
2.068048517267267,0.0351256116794238,0.0025133237237237233
2.0720486111111107,0.03539818016183166,0.0025129888888888894
2.076048704954955,0.035630759926011536,0.002500371171171171
2.080048798798799,0.03581554104697164,0.002472416516516517
2.0840488926426426,0.03594635559797774,0.0024274894894894903
2.0880489864864864,0.03601867765055306,0.0023655432432432445
2.09204908033033,0.0360296232744783,0.0022884573573573597
2.096049174174174,0.035977950537791646,0.0021997738738738773
2.100049268018018,0.03586405950678878,0.0021046081081081123
2.1040493618618616,0.035689992246022866,0.002008983783783789
2.1080494557057055,0.03545943281830454,0.0019193420420420477
2.1120495495495493,0.03517770728470194,0.001842055855855861
2.116049643393393,0.03485178370454067,0.0017825636636636679
2.120049737237237,0.03449027213540384,0.0017446585585585612
2.1240498310810807,0.03410342463313203,0.0017306486486486493
2.1280499249249245,0.03370313525182331,0.001740589789789788
2.1320500187687688,0.033302940043833176,0.0017727120120120121
2.1360501126126126,0.032918017059774776,0.0018234621621621618
2.1400502064564564,0.03256518634851857,0.0018879354354354343
2.1440503003003,0.03226290995719257,0.001960722822822821
2.148050394144144,0.032031291931182274,0.002036266666666664
2.152050487987988,0.031892078314130656,0.0021095471471471437
2.1560505818318316,0.031866337167427795,0.002176676576576573
2.1600506756756754,0.031879833233649714,0.0022353621621621586
2.1640507695195192,0.031897219049424094,0.002284955255255252
2.168050863363363,0.031931424143147105,0.0023263441441441417
2.172050957207207,0.03199381492063803,0.0023625090090090063
2.1760510510510507,0.03209419466513928,0.0023969519519519487
2.1800511448948945,0.032240803537316357,0.0024338354354354313
2.1840512387387387,0.0324403185752579,0.0024770792792792795
2.1880513325825826,0.03269785369447559,0.0025300519519519515
2.1920514264264264,0.03301695968790428,0.002594773573573572
2.19605152027027,0.033399624225901925,0.00267169189189189
2.200051614114114,0.033846271856249575,0.002759586186186183
2.204051707957958,0.0343557640041514,0.00285575435435435
2.2080518018018016,0.03492539897223468,0.0029557774774774726
2.2120518956456454,0.035550911940549795,0.0030546030030029975
2.2160519894894892,0.03622647496657024,0.0031465180180180125
2.220052083333333,0.03694469698519263,0.0032259333333333282
2.224052177177177,0.03769662380873667,0.0032879888888888847
2.2280522710210207,0.038471738126945196,0.0033288921921921896
2.2320523648648645,0.03925795950698414,0.0033463567567567566
2.2360524587087083,0.04004164439344254,0.003339783183183185
2.2400525525525525,0.04080758610833265,0.0033101444444444445
2.2440526463963963,0.04153901485108955,0.0032598243243243254
2.24805274024024,0.04221759769857172,0.003192490390390392
2.252052834084084,0.04282343860506062,0.0031125339339339365
2.2560529279279278,0.04333507840226086,0.0030245099099099134
2.2600530217717716,0.04373054851149478,0.0029329210210210254
2.2640531156156154,0.04403001828476714,0.002841732132132137
2.268053209459459,0.044254625789543124,0.0027539837837837894
2.272053303303303,0.04441014496810427,0.0026719687687687746
2.276053397147147,0.04450214401891032,0.0025967864864864924
2.2800534909909906,0.04453598539659922,0.002528764864864871
2.2840535848348344,0.04451682581198714,0.0024674723723723782
2.2880536786786783,0.044449616232068445,0.002412158558558564
2.2920537725225225,0.0443391018800157,0.0023616135135135136
2.2960538663663663,0.04418982223517972,0.0023149963963963968
2.30005396021021,0.0440061110330895,0.002271582582582583
2.304054054054054,0.043792096265452225,0.002230956756756758
2.3080541478978978,0.043551700180153335,0.0021930558558558573
2.3120542417417416,0.04328863928125643,0.0021583228228228245
2.3160543355855854,0.04300642432900336,0.0021271117117117135
2.320054429429429,0.042708360339814164,0.0020999309309309325
2.324054523273273,0.04239754658628708,0.0020771249249249267
2.328054617117117,0.04207687659719858,0.002058720720720722
2.3320547109609606,0.041749038157503325,0.002044536936936938
2.3360548048048044,0.041416513308334194,0.0020338597597597606
2.3400548986486482,0.041081578347002275,0.002025748648648649
2.344054992492492,0.04074630382699686,0.0020191315315315323
2.3480550863363363,0.040412554557985404,0.002012966966966967
2.35205518018018,0.04008198960581372,0.002006554954954955
2.356055274024024,0.03975606229250567,0.001999618918918919
2.3600553678678677,0.03943602019626338,0.001992315615615616
2.3640554617117115,0.039122572427700744,0.0019856693693693695
2.3680555555555554,0.03880848415101236,0.001981077777777778
2.372055649399399,0.03849690549078081,0.0019804126126126125
2.376055743243243,0.03819584357672978,0.0019857648648648643
2.380055837087087,0.0379125046816037,0.0019992387387387373
2.3840559309309306,0.03765329422116771,0.0020224222222222196
2.3880560247747744,0.037423816754207716,0.0020563279279279243
2.392056118618618,0.03722887598253032,0.00210116486486486
2.396056212462462,0.03707247475096289,0.0021562111111111046
2.4000563063063063,0.03695781504735347,0.0022196513513513512
2.40405640015015,0.03688729800257092,0.00228899069069069
2.408056493993994,0.03686252389050475,0.002361042342342341
2.4120565878378377,0.03688429212806523,0.0024323756756756735
2.4160566816816815,0.03695260127518337,0.0024997132132132107
2.4200567755255253,0.037066649034810904,0.0025601597597597575
2.424056869369369,0.03722483225292029,0.002611593693693691
2.428056963213213,0.03742474691850472,0.0026529894894894873
2.4320570570570568,0.037663188163578123,0.0026844783783783765
2.4360571509009006,0.03793615026317516,0.0027072081081081067
2.4400572447447444,0.038238826635351206,0.002723203303303302
2.444057338588588,0.038565609841182395,0.0027352975975975967
2.448057432432432,0.03891009158476556,0.002746459459459458
2.452057526276276,0.03926506271321829,0.002759583483483482
2.45605762012012,0.03962251321667894,0.0027769636636636634
2.460057713963964,0.03997363222830645,0.002800094594594594
2.4640578078078077,0.04031131585535747,0.0028292243243243234
2.4680579016516515,0.040666942640355974,0.002863587387387386
2.4720579954954953,0.041048042534358266,0.002901287387387386
2.476058089339339,0.04144873681091421,0.0029394834834834817
2.480058183183183,0.0418636325458822,0.002974994894894893
2.4840582770270268,0.04228782261742917,0.0030045135135135115
2.4880583708708706,0.04271688570603059,0.003024998798798797
2.4920584647147144,0.043146886294470464,0.0030343192192192185
2.496058558558558,0.04357437466784133,0.003031527927927928
2.500058652402402,0.04399638691354425,0.003016839639639642
2.504058746246246,0.04441044492128883,0.0029919975975976013
2.50805884009009,0.044814556383093264,0.0029602432432432437
2.512058933933934,0.04520721479328412,0.0029253000000000005
2.5160590277777777,0.04558739944849667,0.0028917333333333337
2.5200591216216215,0.04595457544767464,0.002863710810810812
2.5240592154654653,0.046308693692070316,0.0028451630630630634
2.528059309309309,0.046650190885244504,0.002839015915915916
2.532059403153153,0.046979989533066556,0.0028469954954954946
2.5360594969969967,0.04729949794371435,0.002869230030030028
2.5400595908408405,0.0476106102276743,0.0029044738738738707
2.5440596846846844,0.047915706297741355,0.0029502756756756713
2.548059778528528,0.048217651869018996,0.0030031603603603556
2.552059872372372,0.04851979845891924,0.003059137537537532
2.556059966216216,0.048825983387162646,0.0031140243243243187
2.56006006006006,0.04914052977577833,0.003164154354354354
2.564060153903904,0.04946824654910385,0.003206658258258258
2.5680602477477477,0.0498144284337854,0.003239578378378378
2.5720603415915915,0.05018485595877765,0.0032622723723723717
2.5760604354354353,0.05058579545534384,0.0032752717717717717
2.580060529279279,0.051023894914130966,0.0032800450450450455
2.584060623123123,0.05147954212233143,0.003278833633633634
2.5880607169669667,0.05193186004554775,0.003274210510510511
2.5920608108108105,0.05237773100970691,0.003268635135135136
2.5960609046546543,0.05281441547711513,0.0032641111111111117
2.600060998498498,0.05323955204645784,0.003262045945945946
2.604061092342342,0.053651157452799705,0.003262915315315315
2.6080611861861858,0.0540476265675846,0.0032663210210210204
2.6120612800300296,0.05442773239863563,0.0032711384384384377
2.616061373873874,0.05479062609015516,0.003275689189189189
2.6200614677177176,0.055135836922724675,0.0032781507507507507
2.6240615615615615,0.05546327231330497,0.003276852552552553
2.6280616554054053,0.055773217815236045,0.003270813513513514
2.632061749249249,0.05606633711823713,0.003259687087087088
2.636061843093093,0.05634367204840665,0.0032441738738738747
2.6400619369369367,0.056606642568222273,0.0032257522522522535
2.6440620307807805,0.05685704677654089,0.0032068222222222235
2.6480621246246243,0.057097060908598604,0.0031900471471471483
2.652062218468468,0.057329239336010744,0.003178107207207208
2.656062312312312,0.057556514566771876,0.003173301801801802
2.6600624061561557,0.05778219724525577,0.0031770039039039034
2.6640624999999996,0.05800997615221542,0.0031894999999999988
2.668062593843844,0.058243918204783085,0.0032095717717717715
2.6720626876876876,0.05848846845647015,0.003233977177177177
2.6760627815315314,0.058748450097167317,0.0032587702702702695
2.6800628753753752,0.05902885321412997,0.003278795495495495
2.684062969219219,0.05930541838755911,0.003288787687687688
2.688063063063063,0.059553545394295054,0.0032835162162162175
2.6920631569069067,0.05976653250304088,0.00325878738738739
2.6960632507507505,0.05993859779783258,0.0032118381381381427
2.7000633445945943,0.06006487917803909,0.003141921621621628
2.704063438438438,0.06014143435836229,0.0030504831831831922
2.708063532282282,0.06016524086883699,0.0029410810810810923
2.7120636261261257,0.06013419605483092,0.0028191369369369498
2.7160637199699695,0.06004711707704476,0.0026916858858859
2.7200638138138133,0.05990374091151211,0.002566446846846861
2.7240639076576576,0.05970472434959951,0.002451066666666668
2.7280640015015014,0.059451643998006475,0.0023525117117117137
2.7320640953453452,0.0591469962787654,0.002276050450450453
2.736064189189189,0.058794197429241635,0.0022248918918918938
2.740064283033033,0.058397583502133456,0.00219977897897898
2.7440643768768767,0.05796241036547209,0.0021987489489489484
2.7480644707207205,0.05749485370262169,0.0022176207207207192
2.7520645645645643,0.05700200901227934,0.0022502441441441413
2.756064658408408,0.05649189160847506,0.0022892705705705673
2.760064752252252,0.055973436620571804,0.002327137837837835
2.7640648460960957,0.05545649899326548,0.002356714714714712
2.7680649399399395,0.05495185348658489,0.0023722465465465456
2.7720650337837833,0.054471194675891815,0.002370056756756758
2.7760651276276276,0.05402713695188089,0.002348837837837838
2.7800652214714714,0.05363209764019509,0.0023099723723723734
2.784065315315315,0.05321120084488618,0.002257260360360362
2.788065409159159,0.052726853079849374,0.002196619519519522
2.792065503003003,0.052198157607301544,0.002135281381381384
2.7960655968468466,0.051642429283917386,0.0020808297297297326
2.8000656906906904,0.051075194560829394,0.0020405495495495517
2.8040657845345343,0.05051019148362787,0.0020203624624624632
2.808065878378378,0.04995936969236091,0.0020242864864864862
2.812065972222222,0.049432890421534426,0.002053744444444442
2.8160660660660657,0.04893912650011214,0.002107418918918914
2.8200661599099095,0.048484662351515564,0.0021813459459459382
2.8240662537537533,0.048074293993624034,0.0022690270270270176
2.828066347597597,0.04771102903877467,0.002362723123123112
2.8320664414414414,0.04739608669376239,0.002453296396396395
2.836066535285285,0.04712889775984,0.002531842342342341
2.840066629129129,0.046907104632718,0.002590668468468467
2.844066722972973,0.04672656130256475,0.0026237432432432433
2.8480668168168166,0.04658133335400641,0.0026275561561561575
2.8520669106606604,0.04646369796612694,0.0026011564564564597
2.8560670045045042,0.046364143912468105,0.0025463972972973024
2.860067098348348,0.046271371561029485,0.002467581981981989
2.864067192192192,0.04617229287426845,0.0023709555555555643
2.8680672860360357,0.0460520314091002,0.0022639432432432533
2.8720673798798795,0.045893922316897706,0.0021545282282282386
2.8760674737237233,0.04567951234349178,0.002050557657657668
2.880067567567567,0.045388559829171005,0.0019586432432432527
2.8840676614114114,0.04499903470868176,0.0018838885885885896
2.888067755255255,0.04448957156620687,0.0018293552552552561
2.892067849099099,0.04396019422256351,0.0017959126126126132
2.896067942942943,0.04346687185842497,0.0017823951951951955
2.9000680367867866,0.04300035331862025,0.0017858003003002997
2.9040681306306304,0.0425522941310679,0.0018016819819819808
2.908068224474474,0.04211525650677592,0.0018248900900900884
2.912068318318318,0.041682709339841806,0.001850045645645644
2.916068412162162,0.04124902820745258,0.001872105405405404
2.9200685060060056,0.04080949536988474,0.0018868903903903895
2.9240685998498495,0.040360299770504274,0.0018914753753753754
2.9280686936936933,0.039898537035766665,0.0018842729729729743
2.932068787537537,0.03942220947521691,0.00186515705705706
2.936068881381381,0.038930226081489466,0.0018354435435435476
2.940068975225225,0.03842240253030826,0.0017975225225225233
2.944069069069069,0.037899461180486864,0.0017545513513513526
2.9480691629129128,0.037363031073928195,0.0017100312312312328
2.9520692567567566,0.036815647935624696,0.0016676459459459478
2.9560693506006004,0.036260754173658316,0.0016306954954954974
2.960069444444444,0.03570269887920052,0.0016020555555555573
2.964069538288288,0.035146737826512224,0.0015838720720720732
2.968069632132132,0.034599033472943866,0.0015773315315315319
2.9720697259759756,0.0340666549589354,0.0015829738738738733
2.9760698198198194,0.03355757810801621,0.0016006162162162144
2.9800699136636633,0.03308068542680524,0.0016292186186186155
2.984070007507507,0.032645766105010895,0.0016676018018017976
2.988070101351351,0.032263554388790236,0.0017137351351351295
2.992070195195195,0.031949403040305066,0.0017659594594594586
2.996070289039039,0.03170297368253422,0.0018218714714714702
3.0000703828828827,0.031515455380245166,0.0018796108108108088
3.0040704767267266,0.03137866861249677,0.001936970270270268
3.0080705705705704,0.031285065272639245,0.001992029729729727
3.012070664414414,0.03122772866831417,0.0020431810810810783
3.016070758258258,0.031200373521454487,0.0020888846846846823
3.020070852102102,0.031197345968284478,0.0021281756756756733
3.0240709459459456,0.0312136235593198,0.0021602027027027002
3.0280710397897894,0.03124481525936746,0.0021847885885885867
3.0320711336336332,0.031287161447525816,0.0022021015015015006
3.036071227477477,0.0313375339171846,0.0022129990990990985
3.040071321321321,0.031393435876024875,0.0022185198198198196
3.0440714151651647,0.03145300194601909,0.002220384684684685
3.048071509009009,0.03151499816343105,0.0022205693693693692
3.0520716028528527,0.031578821978815876,0.0022209624624624624
3.0560716966966965,0.0316445022570201,0.0022235654654654655
3.0600717905405403,0.031712699277181566,0.0022300810810810807
3.064071884384384,0.03178470473272953,0.0022415945945945936
3.068071978228228,0.03186244173138454,0.0022586858858858845
3.072072072072072,0.03194846479515856,0.002281226126126124
3.0760721659159156,0.03204595986035486,0.0023082276276276256
3.0800722597597594,0.03215874427756812,0.002338154654654652
3.084072353603603,0.03229126681168434,0.0023689234234234207
3.088072447447447,0.03244860764188088,0.0023983393393393363
3.092072541291291,0.03263647712372649,0.0024241942942942914
3.0960726351351346,0.032823399532302774,0.002444664864864863
3.100072728978979,0.0329823565948769,0.0024586666666666663
3.1040728228228227,0.033124328088035525,0.00246592042042042
3.1080729166666665,0.0332595050716083,0.0024674
3.1120730105105103,0.03339728988866786,0.0024648825825825827
3.116073104354354,0.033546296165529836,0.002461155555555556
3.120073198198198,0.033714348811752844,0.002459730630630631
3.1240732920420418,0.03390848402013846,0.002464405405405405
3.1280733858858856,0.03413494926673128,0.002478803303303302
3.1320734797297294,0.03439920331081886,0.0025062189189189164
3.136073573573573,0.034705916194931755,0.0025488666666666627
3.140073667417417,0.0350589692448435,0.002607817417417411
3.144073761261261,0.03546145506957062,0.002682692792792784
3.1480738551051046,0.03591567756137262,0.0027717612612612502
3.1520739489489484,0.036423151895752,0.0028718828828828698
3.1560740427927927,0.0369846045314543,0.002978970270270267
3.1600741366366365,0.03759997321046787,0.003088646546546543
3.1640742304804803,0.0382684069580242,0.003196197297297293
3.168074324324324,0.03898826608259774,0.003297340540540536
3.172074418168168,0.03975712217590592,0.003389273873873869
3.1760745120120117,0.04057175811290914,0.0034702027027026976
3.1800746058558556,0.04142816805181079,0.003540275675675671
3.1840746996996994,0.04232155743405726,0.003601260960960956
3.188074793543543,0.0432463429843379,0.0036563075075075027
3.192074887387387,0.044196152710585086,0.003709643243243238
3.196074981231231,0.045163825903974136,0.003766287387387381
3.2000750750750746,0.04618072117523263,0.0038310618618618533
3.2040751689189184,0.0472884257676482,0.003908191891891881
3.2080752627627627,0.048478732051334184,0.004000868168168166
3.2120753566066065,0.049743332667076784,0.004110476276276273
3.2160754504504503,0.05107399626674021,0.004236536936936932
3.220075544294294,0.05246256751326617,0.004376430930930924
3.224075638138138,0.05390096708067397,0.004525895495495487
3.2280757319819817,0.055381191654060566,0.004679075675675665
3.2320758258258255,0.056895313929600504,0.004829102702702692
3.2360759196696693,0.05843548261454598,0.0049687534534534426
3.240076013513513,0.05999392242722677,0.005091243243243233
3.244076107357357,0.06156293409705031,0.005190709309309301
3.2480762012012008,0.06313489436450162,0.0052627726726726665
3.2520762950450446,0.06470225598114338,0.005304904504504501
3.2560763888888884,0.06625754770961584,0.005316711111111111
3.260076482732732,0.06779337432363688,0.005299829729729734
3.2640765765765765,0.06930241660800221,0.0052574369369369385
3.2680766704204203,0.07077743135858461,0.005194181981981984
3.272076764264264,0.07221125138233499,0.005115490390390395
3.276076858108108,0.07359678549728173,0.005026762162162167
3.2800769519519517,0.07492701853253081,0.004933217717717724
3.2840770457957955,0.07619501132826585,0.004839062162162169
3.2880771396396393,0.07739390073574806,0.004747300000000007
3.292077233483483,0.07851689961731628,0.004659376576576584
3.296077327327327,0.079557296846387,0.004575540540540549
3.3000774211711708,0.08050845730745429,0.0044948081081081165
3.3040775150150146,0.08136382189608983,0.004415133333333342
3.3080776088588584,0.0821147306741946,0.0043341780780780876
3.312077702702702,0.08275032231717855,0.004249762162162173
3.3160777965465464,0.08327706651905344,0.004160016216216218
3.3200778903903903,0.08370308307061428,0.004063869669669673
3.324077984234234,0.08403628886658292,0.003961514414414419
3.328078078078078,0.08428439790560785,0.0038539636636636693
3.3320781719219217,0.08445492129026425,0.0037437087087087155
3.3360782657657655,0.08455516722705395,0.0036337522522522595
3.3400783596096093,0.0845922410264055,0.003527668168168176
3.344078453453453,0.08457304510267413,0.0034290846846846924
3.348078547297297,0.08450427897414176,0.003341324324324332
3.3520786411411407,0.084392439263017,0.003266679579579586
3.3560787349849845,0.08424381969543511,0.0032068012012012063
3.3600788288288284,0.08406451110145809,0.003162170270270274
3.364078922672672,0.08386040141507459,0.003132240540540543
3.368079016516516,0.08363717567419995,0.0031153969969969983
3.3720791103603602,0.0834003160206762,0.003109501801801802
3.376079204204204,0.0831551017002721,0.0031120891891891892
3.380079298048048,0.08290660906268303,0.0031207234234234232
3.3840793918918917,0.0826597115615311,0.003133272972972972
3.3880794857357355,0.08241907975436506,0.003148269069069068
3.3920795795795793,0.08218918130266041,0.0031648675675675663
3.396079673423423,0.08197428097181927,0.0031830918918918905
3.400079767267267,0.08177844063117053,0.0032035810810810794
3.4040798611111107,0.08160551925396967,0.003227433333333331
3.4080799549549545,0.0814591729173989,0.0032558414414414383
3.4120800487987983,0.08134285480256717,0.0032899759759759716
3.416080142642642,0.08125981519451002,0.0033306585585585534
3.420080236486486,0.08121310148218976,0.00337788648648648
3.42408033033033,0.08120555815849531,0.003431055855855854
3.428080424174174,0.08123982682024235,0.0034888381381381357
3.432080518018018,0.08131775080146289,0.0035490891891891865
3.4360806118618616,0.08143253304062514,0.00360934324324324
3.4400807057057055,0.08158116970116669,0.003666804204204201
3.4440807995495493,0.08176264698286544,0.003718949549549546
3.448080893393393,0.08197542792214531,0.003763740540540537
3.452080987237237,0.0822174523920762,0.003799613813813811
3.4560810810810807,0.08248613710237401,0.0038260081081081063
3.4600811749249245,0.08277837559940064,0.003843255555555554
3.4640812687687683,0.08309053826616397,0.0038522141141141136
3.468081362612612,0.08341847232231787,0.0038545945945945947
3.472081456456456,0.08375750182416221,0.0038521561561561564
3.4760815503002997,0.08410242766464285,0.0038465264264264274
3.480081644144144,0.08444752757335168,0.0038388630630630635
3.484081737987988,0.08478655611652647,0.003829590690690691
3.4880818318318316,0.08511274469705112,0.0038183666666666673
3.4920819256756754,0.08541880155445541,0.003803400000000001
3.4960820195195192,0.08569691176491523,0.003782461861861863
3.500082113363363,0.08593873724125235,0.003752129729729733
3.504082207207207,0.08613541673293461,0.0037090549549549596
3.5080823010510507,0.08627756582607579,0.0036499819819819893
3.5120823948948945,0.0863552769434357,0.0035723237237237334
3.5160824887387383,0.08635811934442013,0.0034745774774774902
3.520082582582582,0.08627513912508085,0.0033563399399399556
3.524082676426426,0.08609485921811565,0.0032190051051051243
3.5280827702702697,0.08580527939286828,0.003065354054054076
3.532082864114114,0.08539387625532845,0.0028993948948949004
3.536082957957958,0.08484852338179681,0.002726213813813821
3.5400830518018016,0.08419885094488161,0.002551116216216225
3.5440831456456454,0.08345894944308858,0.002379398498498508
3.5480832394894892,0.08262227480603061,0.0022156066066066167
3.552083333333333,0.08168398792619719,0.0020632000000000107
3.556083427177177,0.08064095465895454,0.001924144144144155
3.5600835210210207,0.07949174582254552,0.0017986174174174283
3.5640836148648645,0.07823663719808968,0.0016852756756756864
3.5680837087087083,0.07687760952958325,0.001581545345345356
3.572083802552552,0.0754183485238991,0.0014839381381381493
3.576083896396396,0.07386424485078683,0.001388690090090102
3.5800839902402397,0.07222239414287264,0.0012925573573573704
3.5840840840840835,0.07050159699565947,0.0011932780780780925
3.5880841779279278,0.06871235896752673,0.0010901261261261302
3.5920842717717716,0.06686689057973103,0.0009845318918918968
3.5960843656156154,0.06497910731640513,0.0008799506906906964
3.600084459459459,0.06306462962455865,0.0007817627027027087
3.604084553303303,0.061140782914077874,0.0006970123723723779
3.608084647147147,0.059226597557725746,0.0006337185585585629
3.6120847409909906,0.05734280889114192,0.000600129909909912
3.6160848348348344,0.05551185721284267,0.000603848348348347
3.6200849286786783,0.05375788778422099,0.0006509994294294232
3.624085022522522,0.05210675082954655,0.0007454824324324204
3.628085116366366,0.05058600153596565,0.0008884364264264077
3.6320852102102097,0.0492249000535013,0.0010779631231230974
3.6360853040540535,0.04805441149505318,0.0013089810810810482
3.6400853978978978,0.04710721335915257,0.0015738006006005912
3.6440854917417416,0.04644179454810338,0.0018625003003002877
3.6480855855855854,0.04606779299325895,0.0021637873873873717
3.652085679429429,0.045950615262980436,0.002465817117117099
3.656085773273273,0.046057920659346586,0.0027575516516516315
3.660085867117117,0.04635962121815378,0.003028939639639619
3.6640859609609606,0.04682788170891602,0.003272336636636619
3.6680860548048044,0.04743711963486489,0.003482180180180164
3.6720861486486482,0.04816400523294963,0.0036570567567567424
3.676086242492492,0.04898746147383707,0.003797880780780768
3.680086336336336,0.04988866406191168,0.003907848048048038
3.6840864301801797,0.05085104143527553,0.003992110810810802
3.6880865240240235,0.05186027476574832,0.004056747747747741
3.6920866178678677,0.052904297958867454,0.004108193993993993
3.6960867117117115,0.05397329765388763,0.004152187387387385
3.7000868055555554,0.05505971322378152,0.004193388888888887
3.704086899399399,0.05615823677523926,0.004234596096096094
3.708086993243243,0.05726581314866863,0.004276716216216213
3.712087087087087,0.05838163991819505,0.00431871291291291
3.7160871809309306,0.059507167391661495,0.004357845645645643
3.7200872747747744,0.060646098610628606,0.004390161261261259
3.724087368618618,0.0617987975544384,0.004410976576576575
3.728087462462462,0.06294651717098798,0.004415584384384385
3.732087556306306,0.06406748957151026,0.004399854954954959
3.7360876501501497,0.06514183542145913,0.004360776576576584
3.7400877439939935,0.06615156344706365,0.004296884084084095
3.7440878378378373,0.06708057043532811,0.004208332432432447
3.7480879316816815,0.06791464123403206,0.00409674504504505
3.7520880255255253,0.06864144875172996,0.003965336036036043
3.756088119369369,0.0692505539577518,0.0038181837837837924
3.760088213213213,0.06973340588220259,0.0036598189189189292
3.7640883070570568,0.0700833416159626,0.003494823123123135
3.7680884009009006,0.07029558631068723,0.003327087387387401
3.7720884947447444,0.07036725317880713,0.0031595603603603753
3.776088588588588,0.07029734349352812,0.002994136336336352
3.780088682432432,0.07008674658883121,0.002831191891891909
3.784088776276276,0.0697382398594726,0.0026699312312312494
3.7880888701201196,0.06925648876098371,0.002508756756756776
3.7920889639639634,0.06864804680967111,0.0023455360360360574
3.7960890578078073,0.06792135558261661,0.002178097597597621
3.8000891516516515,0.06708674471767707,0.0020047909909909974
3.8040892454954953,0.06611823328467252,0.0018248774774774854
3.808089339339339,0.06498413275696174,0.001639127327327337
3.812089433183183,0.06370541016497461,0.0014495075075075191
3.8160895270270268,0.06230284678344431,0.0012597243243243372
3.8200896208708706,0.06079681048984312,0.001074781681681696
3.8240897147147144,0.05920725576438242,0.0009006377777777926
3.828089808558558,0.0575537236900127,0.0007438544144144292
3.832089902402402,0.055855341952423566,0.0006112877777777884
3.836089996246246,0.054130824840043716,0.0005087456756756836
3.8400900900900896,0.05239847324404096,0.0004405700000000041
3.8440901839339334,0.05067617465832221,0.0004096539039039035
3.8480902777777772,0.04898140317953349,0.0004169733333333279
3.852090371621621,0.047331219507059916,0.0004614983783783677
3.8560904654654653,0.045742270943025555,0.0005402378378378336
3.860090559309309,0.04423079139229409,0.0006485565165165102
3.864090653153153,0.0428126013624678,0.0007805340540540457
3.8680907469969967,0.041503107963888224,0.000929463483483473
3.8720908408408405,0.04031730490963601,0.001088409009008997
3.8760909346846844,0.03926977251553092,0.001250642342342329
3.880091028528528,0.038374677700131817,0.0014103717717717577
3.884091122372372,0.037645773984736675,0.001562811411411397
3.888091216216216,0.037088698575745434,0.001704451351351337
3.8920913100600596,0.03665053384436136,0.001833319219219205
3.8960914039039034,0.03631239835497433,0.0019488369369369235
3.900091497747747,0.036066894054846796,0.002051490090090077
3.904091591591591,0.03590699586018823,0.002142896096096084
3.9080916854354353,0.03582605165615514,0.0022251261261261234
3.912091779279279,0.035817782296851085,0.0023005306306306274
3.916091873123123,0.035876281605326604,0.0023714714714714673
3.9200919669669667,0.0359960163735793,0.0024400369369369326
3.9240920608108105,0.03617182636255378,0.002507702702702698
3.9280921546546543,0.03639892430214173,0.0025753042042041987
3.932092248498498,0.0366728958911818,0.0026431768768768707
3.936092342342342,0.036989699797459724,0.0027110441441441377
3.9400924361861858,0.03734566765770823,0.00277823723723723
3.9440925300300296,0.03773750407760709,0.0028437306306306233
3.9480926238738734,0.03816228663178311,0.0029064162162162088
3.952092717717717,0.03861746586381011,0.002965295495495488
3.956092811561561,0.03910086528620896,0.003019479579579572
3.960092905405405,0.039610681380447536,0.003068345945945939
3.964092999249249,0.04014548359694082,0.003111600900900899
3.968093093093093,0.04070421435505064,0.003149030030030028
3.9720931869369367,0.04128618904308603,0.003180761261261259
3.9760932807807805,0.04188391620940574,0.0032070090090090073
3.9800933746246243,0.04248633922078025,0.0032280780780780767
3.984093468468468,0.04308954020424152,0.00324401171171171
3.988093562312312,0.04368964703511857,0.003254905105105104
3.9920936561561557,0.044282819548782694,0.0032608654654654647
3.99609375,0.04486524954064747,0.0032615
